<launch4jConfig>
  <dontWrapJar>false</dontWrapJar>
  <headerType>gui</headerType>
  <jar>lib\WorldwindVR.jar</jar>
  <outfile>worldwindvr.exe</outfile>
  <errTitle></errTitle>
  <cmdLine></cmdLine>
  <chdir></chdir>
  <priority>normal</priority>
  <downloadUrl>http://java.com/download</downloadUrl>
  <supportUrl></supportUrl>
  <stayAlive>false</stayAlive>
  <manifest></manifest>
  <icon></icon>
  <classPath>
    <mainClass>com.tuohy.worldwindvr.WorldWindVR</mainClass>
    <cp>lib\*.jar</cp>
  </classPath>
  <jre>
    <path></path>
    <bundledJre64Bit>false</bundledJre64Bit>
    <minVersion>1.6.0</minVersion>
    <maxVersion></maxVersion>
    <jdkPreference>preferJre</jdkPreference>
    <maxHeapSize>1024</maxHeapSize>
    <opt>-Djava.library.path=.;./native_libraries</opt>
  </jre>
</launch4jConfig>